Індекс дня,Користувачі
01.01.21,1118
02.01.21,1340
03.01.21,1329
04.01.21,1739
05.01.21,2422
06.01.21,2470
07.01.21,2093
08.01.21,1932
09.01.21,1337
10.01.21,1401
11.01.21,2225
12.01.21,2221
13.01.21,2101
14.01.21,2108
15.01.21,1847
16.01.21,1309
17.01.21,1426
18.01.21,1778
19.01.21,2502
20.01.21,2575
21.01.21,2422
22.01.21,2236
23.01.21,1543
24.01.21,1777
25.01.21,2444
26.01.21,2319
27.01.21,2687
28.01.21,2313
29.01.21,2102
30.01.21,1464
31.01.21,1618
01.02.21,2446
02.02.21,2697
03.02.21,2777
04.02.21,2416
05.02.21,2191
06.02.21,1402
07.02.21,1455
08.02.21,2337
09.02.21,2211
10.02.21,2350
11.02.21,2116
12.02.21,1788
13.02.21,1328
14.02.21,1354
15.02.21,1735
16.02.21,2186
17.02.21,2415
18.02.21,2329
19.02.21,1962
20.02.21,1341
21.02.21,1431
22.02.21,2213
23.02.21,2262
24.02.21,2308
25.02.21,2430
26.02.21,2159
27.02.21,3526
28.02.21,2165
01.03.21,3086
02.03.21,3415
03.03.21,2999
04.03.21,2560
05.03.21,2128
06.03.21,1581
07.03.21,1778
08.03.21,2346
09.03.21,2499
10.03.21,2782
11.03.21,2754
12.03.21,2167
13.03.21,1601
14.03.21,1519
15.03.21,2485
16.03.21,2568
17.03.21,2716
18.03.21,2598
19.03.21,2176
20.03.21,1619
21.03.21,1735
22.03.21,2421
23.03.21,2711
24.03.21,2697
25.03.21,2520
26.03.21,2021
27.03.21,1709
28.03.21,1696
29.03.21,2508
30.03.21,2435
31.03.21,2650
01.04.21,2547
02.04.21,2003
03.04.21,1574
04.04.21,1587
05.04.21,2303
06.04.21,2613
07.04.21,2696
08.04.21,2659
09.04.21,2341
10.04.21,1796
11.04.21,1743
12.04.21,2651
13.04.21,2721
14.04.21,2653
15.04.21,2757
16.04.21,2635
17.04.21,1752
18.04.21,1718
19.04.21,2892
20.04.21,2877
21.04.21,2908
22.04.21,3155
23.04.21,2404
24.04.21,1590
25.04.21,1727
26.04.21,2780
27.04.21,2911
28.04.21,3045
29.04.21,2832
30.04.21,1935
01.05.21,1331
02.05.21,1429
03.05.21,2194
04.05.21,2399
05.05.21,2444
06.05.21,2451
07.05.21,2127
08.05.21,1370
09.05.21,1412
10.05.21,2484
11.05.21,2545
12.05.21,2458
13.05.21,2144
14.05.21,1987
15.05.21,1401
16.05.21,1599
17.05.21,2314
18.05.21,2530
19.05.21,2372
20.05.21,2534
21.05.21,2146
22.05.21,1315
23.05.21,1454
24.05.21,2178
25.05.21,2566
26.05.21,2478
27.05.21,2359
28.05.21,1613
29.05.21,1319
30.05.21,1363
31.05.21,1622
01.06.21,2400
02.06.21,2299
03.06.21,2566
04.06.21,2139
05.06.21,1414
06.06.21,1527
07.06.21,2351
08.06.21,2545
09.06.21,2298
10.06.21,2296
11.06.21,1981
12.06.21,1346
13.06.21,1489
14.06.21,2231
15.06.21,2446
16.06.21,2358
17.06.21,2475
18.06.21,1855
19.06.21,1321
20.06.21,1489
21.06.21,2282
22.06.21,2280
23.06.21,2289
24.06.21,2147
25.06.21,1887
26.06.21,1305
27.06.21,1371
28.06.21,2314
29.06.21,2557
30.06.21,2177
01.07.21,2047
02.07.21,1835
03.07.21,1144
04.07.21,1367
05.07.21,1627
06.07.21,1800
07.07.21,2118
08.07.21,2662
09.07.21,2002
10.07.21,1294
11.07.21,1341
12.07.21,2179
13.07.21,2309
14.07.21,2332
15.07.21,3360
16.07.21,2475
17.07.21,1414
18.07.21,1503
19.07.21,4094
20.07.21,3291
21.07.21,3127
22.07.21,3229
23.07.21,2008
24.07.21,1343
25.07.21,1384
26.07.21,2915
27.07.21,2390
28.07.21,2372
29.07.21,2315
30.07.21,1822
31.07.21,1131
01.08.21,1420
02.08.21,2505
03.08.21,2545
04.08.21,2518
05.08.21,2502
06.08.21,2066
07.08.21,1284
08.08.21,1409
09.08.21,2309
10.08.21,2242
11.08.21,2099
12.08.21,2110
13.08.21,1808
14.08.21,1212
15.08.21,1393
16.08.21,2001
17.08.21,2173
18.08.21,2233
19.08.21,2479
20.08.21,1981
21.08.21,1322
22.08.21,1396
23.08.21,2147
24.08.21,2286
25.08.21,2570
26.08.21,2472
27.08.21,2003
28.08.21,1345
29.08.21,1437
30.08.21,2141
31.08.21,2265
01.09.21,2270
02.09.21,2359
03.09.21,1816
04.09.21,1260
05.09.21,1513
06.09.21,1829
07.09.21,2356
08.09.21,2274
09.09.21,2472
10.09.21,2049
11.09.21,1337
12.09.21,1445
13.09.21,2455
14.09.21,2540
15.09.21,2799
16.09.21,2450
17.09.21,2214
18.09.21,1365
19.09.21,1440
20.09.21,2445
21.09.21,2474
22.09.21,2513
23.09.21,2491
24.09.21,2082
25.09.21,1294
26.09.21,1601
27.09.21,3364
28.09.21,2923
29.09.21,2817
30.09.21,2557
01.10.21,2121
02.10.21,1480
03.10.21,1499
04.10.21,2465
05.10.21,2973
06.10.21,2947
07.10.21,2912
08.10.21,2367
09.10.21,1360
10.10.21,1475
11.10.21,2526
12.10.21,2722
13.10.21,2742
14.10.21,2499
15.10.21,2249
16.10.21,1448
17.10.21,1474
18.10.21,2680
19.10.21,3485
20.10.21,3017
21.10.21,2659
22.10.21,1914
23.10.21,1431
24.10.21,1492
25.10.21,2858
26.10.21,3311
27.10.21,2787
28.10.21,2772
29.10.21,2286
30.10.21,1375
31.10.21,1398
01.11.21,2510
02.11.21,2685
03.11.21,3384
04.11.21,3260
05.11.21,2528
06.11.21,1514
07.11.21,1791
08.11.21,2990
09.11.21,2978
10.11.21,2811
11.11.21,2881
12.11.21,2523
13.11.21,1639
14.11.21,1749
15.11.21,2784
16.11.21,2756
17.11.21,2990
18.11.21,2969
19.11.21,2490
20.11.21,1714
21.11.21,1856
22.11.21,3225
23.11.21,2839
24.11.21,2768
25.11.21,2278
26.11.21,2531
27.11.21,1716
28.11.21,1872
29.11.21,3282
30.11.21,3005
01.12.21,2998
02.12.21,2984
03.12.21,8390
04.12.21,4658
05.12.21,3475
06.12.21,4338
07.12.21,4076
08.12.21,3858
09.12.21,3861
10.12.21,3300
11.12.21,1993
12.12.21,2019
13.12.21,3120
14.12.21,3047
15.12.21,2953
16.12.21,3053
17.12.21,2020
18.12.21,1569
19.12.21,1614
20.12.21,2577
21.12.21,2366
22.12.21,2266
23.12.21,1914
24.12.21,1170
25.12.21,1208
26.12.21,1313
27.12.21,1500
28.12.21,1924
29.12.21,1848
30.12.21,1553
31.12.21,1000
,810900
