Індекс дня,Сеанси
01.01.21,1181
02.01.21,1430
03.01.21,1440
04.01.21,1865
05.01.21,2615
06.01.21,2659
07.01.21,2292
08.01.21,2122
09.01.21,1439
10.01.21,1493
11.01.21,2440
12.01.21,2456
13.01.21,2325
14.01.21,2329
15.01.21,2023
16.01.21,1410
17.01.21,1572
18.01.21,1957
19.01.21,2817
20.01.21,2884
21.01.21,2699
22.01.21,2506
23.01.21,1724
24.01.21,1943
25.01.21,2713
26.01.21,2601
27.01.21,2978
28.01.21,2562
29.01.21,2317
30.01.21,1632
31.01.21,1787
01.02.21,2718
02.02.21,2999
03.02.21,3048
04.02.21,2678
05.02.21,2413
06.02.21,1533
07.02.21,1625
08.02.21,2576
09.02.21,2428
10.02.21,2612
11.02.21,2350
12.02.21,1948
13.02.21,1441
14.02.21,1486
15.02.21,1917
16.02.21,2438
17.02.21,2710
18.02.21,2624
19.02.21,2176
20.02.21,1467
21.02.21,1590
22.02.21,2448
23.02.21,2513
24.02.21,2581
25.02.21,2712
26.02.21,2372
27.02.21,3784
28.02.21,2356
01.03.21,3372
02.03.21,3743
03.03.21,3284
04.03.21,2806
05.03.21,2353
06.03.21,1730
07.03.21,1914
08.03.21,2603
09.03.21,2717
10.03.21,3013
11.03.21,3036
12.03.21,2371
13.03.21,1734
14.03.21,1680
15.03.21,2731
16.03.21,2822
17.03.21,2969
18.03.21,2843
19.03.21,2352
20.03.21,1764
21.03.21,1880
22.03.21,2675
23.03.21,3003
24.03.21,2976
25.03.21,2752
26.03.21,2193
27.03.21,1826
28.03.21,1858
29.03.21,2768
30.03.21,2704
31.03.21,2935
01.04.21,2778
02.04.21,2200
03.04.21,1721
04.04.21,1725
05.04.21,2537
06.04.21,2886
07.04.21,2974
08.04.21,2960
09.04.21,2563
10.04.21,1946
11.04.21,1889
12.04.21,2952
13.04.21,3036
14.04.21,2945
15.04.21,2984
16.04.21,2857
17.04.21,1933
18.04.21,1872
19.04.21,3107
20.04.21,3117
21.04.21,3186
22.04.21,3460
23.04.21,2597
24.04.21,1729
25.04.21,1854
26.04.21,3013
27.04.21,3162
28.04.21,3322
29.04.21,3117
30.04.21,2111
01.05.21,1423
02.05.21,1555
03.05.21,2400
04.05.21,2631
05.05.21,2668
06.05.21,2727
07.05.21,2362
08.05.21,1499
09.05.21,1539
10.05.21,2717
11.05.21,2814
12.05.21,2748
13.05.21,2403
14.05.21,2210
15.05.21,1554
16.05.21,1780
17.05.21,2587
18.05.21,2787
19.05.21,2643
20.05.21,2799
21.05.21,2369
22.05.21,1422
23.05.21,1582
24.05.21,2395
25.05.21,2835
26.05.21,2721
27.05.21,2676
28.05.21,1771
29.05.21,1452
30.05.21,1504
31.05.21,1765
01.06.21,2700
02.06.21,2552
03.06.21,2907
04.06.21,2402
05.06.21,1559
06.06.21,1660
07.06.21,2607
08.06.21,2832
09.06.21,2572
10.06.21,2551
11.06.21,2163
12.06.21,1454
13.06.21,1613
14.06.21,2451
15.06.21,2723
16.06.21,2601
17.06.21,2717
18.06.21,2056
19.06.21,1428
20.06.21,1621
21.06.21,2518
22.06.21,2467
23.06.21,2561
24.06.21,2411
25.06.21,2087
26.06.21,1434
27.06.21,1483
28.06.21,2541
29.06.21,2772
30.06.21,2398
01.07.21,2250
02.07.21,1982
03.07.21,1218
04.07.21,1465
05.07.21,1770
06.07.21,1978
07.07.21,2317
08.07.21,2910
09.07.21,2182
10.07.21,1397
11.07.21,1437
12.07.21,2376
13.07.21,2569
14.07.21,2545
15.07.21,3657
16.07.21,2773
17.07.21,1548
18.07.21,1633
19.07.21,4503
20.07.21,3670
21.07.21,3451
22.07.21,3536
23.07.21,2198
24.07.21,1444
25.07.21,1476
26.07.21,3216
27.07.21,2651
28.07.21,2615
29.07.21,2530
30.07.21,2001
31.07.21,1218
01.08.21,1518
02.08.21,2733
03.08.21,2776
04.08.21,2780
05.08.21,2787
06.08.21,2273
07.08.21,1384
08.08.21,1503
09.08.21,2578
10.08.21,2480
11.08.21,2291
12.08.21,2311
13.08.21,2032
14.08.21,1288
15.08.21,1485
16.08.21,2208
17.08.21,2343
18.08.21,2432
19.08.21,2802
20.08.21,2185
21.08.21,1446
22.08.21,1515
23.08.21,2353
24.08.21,2489
25.08.21,2817
26.08.21,2705
27.08.21,2201
28.08.21,1443
29.08.21,1537
30.08.21,2340
31.08.21,2439
01.09.21,2456
02.09.21,2559
03.09.21,1967
04.09.21,1349
05.09.21,1616
06.09.21,1958
07.09.21,2572
08.09.21,2472
09.09.21,2671
10.09.21,2217
11.09.21,1442
12.09.21,1550
13.09.21,2676
14.09.21,2761
15.09.21,3108
16.09.21,2652
17.09.21,2421
18.09.21,1452
19.09.21,1538
20.09.21,2705
21.09.21,2721
22.09.21,2723
23.09.21,2729
24.09.21,2259
25.09.21,1414
26.09.21,1719
27.09.21,3683
28.09.21,3251
29.09.21,3128
30.09.21,2807
01.10.21,2336
02.10.21,1576
03.10.21,1619
04.10.21,2730
05.10.21,3306
06.10.21,3287
07.10.21,3285
08.10.21,2676
09.10.21,1501
10.10.21,1605
11.10.21,2792
12.10.21,3032
13.10.21,3041
14.10.21,2766
15.10.21,2545
16.10.21,1646
17.10.21,1626
18.10.21,2962
19.10.21,3864
20.10.21,3353
21.10.21,2970
22.10.21,2120
23.10.21,1562
24.10.21,1625
25.10.21,3176
26.10.21,3675
27.10.21,3105
28.10.21,3054
29.10.21,2554
30.10.21,1534
31.10.21,1526
01.11.21,2840
02.11.21,2973
03.11.21,3784
04.11.21,3661
05.11.21,2829
06.11.21,1664
07.11.21,1986
08.11.21,3402
09.11.21,3328
10.11.21,3161
11.11.21,3192
12.11.21,2803
13.11.21,1799
14.11.21,1932
15.11.21,3141
16.11.21,3088
17.11.21,3344
18.11.21,3311
19.11.21,2783
20.11.21,1863
21.11.21,2041
22.11.21,3665
23.11.21,3202
24.11.21,3082
25.11.21,2538
26.11.21,2746
27.11.21,1836
28.11.21,2028
29.11.21,3656
30.11.21,3399
01.12.21,3330
02.12.21,3360
03.12.21,8936
04.12.21,5023
05.12.21,3748
06.12.21,4800
07.12.21,4532
08.12.21,4342
09.12.21,4341
10.12.21,3712
11.12.21,2202
12.12.21,2211
13.12.21,3511
14.12.21,3456
15.12.21,3374
16.12.21,3448
17.12.21,2218
18.12.21,1704
19.12.21,1746
20.12.21,2871
21.12.21,2622
22.12.21,2490
23.12.21,2076
24.12.21,1248
25.12.21,1287
26.12.21,1414
27.12.21,1627
28.12.21,2114
29.12.21,2056
30.12.21,1661
31.12.21,1085
,892510
